{
	"info": {
		"_postman_id": "6fbbd63a-cfe3-4fbc-87d9-4c9b14110b90",
		"name": "ViborgHaveservice",
		"schema": "https://schema.getpostman.com/json/collection/v2.1.0/collection.json"
	},
	"item": [
		{
			"name": "AboutUs",
			"item": [
				{
					"name": "GET aboutus",
					"request": {
						"method": "GET",
						"header": [],
						"url": {
							"raw": "http://localhost:5023/aboutus",
							"protocol": "http",
							"host": [
								"localhost"
							],
							"port": "5023",
							"path": [
								"aboutus"
							]
						}
					},
					"response": []
				},
				{
					"name": "PUT ret aboutus",
					"request": {
						"method": "PUT",
						"header": [
							{
								"warning": "This is a duplicate header and will be overridden by the Content-Type header generated by Postman.",
								"key": "Content-Type",
								"type": "text",
								"value": "application/x-www-form-urlencoded"
							}
						],
						"body": {
							"mode": "urlencoded",
							"urlencoded": [
								{
									"key": "title",
									"value": "Velkommen til Viborg Haveservice",
									"type": "text"
								},
								{
									"key": "content",
									"value": "Hos Viborg Haveservice er vi en virksomhed, som varetager en bred skare af forskellige arbejdsopgaver inden for havearbejde og kan blandt andet hjælpe til med: Hækklipning, græsslåning, træfældning, belægning. Kort og godt er vi de rette at kontakte ved en enhver type af opgave inden for haveservice, og med mange års erfaring i faget, kan du trygt lade dit valg falde på netop os.",
									"type": "text"
								}
							],
							"options": {
								"raw": {
									"language": "json"
								}
							}
						},
						"url": {
							"raw": "http://localhost:5023/aboutus/admin",
							"protocol": "http",
							"host": [
								"localhost"
							],
							"port": "5023",
							"path": [
								"aboutus",
								"admin"
							]
						}
					},
					"response": []
				}
			],
			"protocolProfileBehavior": {}
		},
		{
			"name": "Contacts",
			"item": [
				{
					"name": "GET contact",
					"request": {
						"method": "GET",
						"header": [],
						"url": {
							"raw": "http://localhost:5023/contact",
							"protocol": "http",
							"host": [
								"localhost"
							],
							"port": "5023",
							"path": [
								"contact"
							]
						}
					},
					"response": []
				},
				{
					"name": "PUT ret contact",
					"request": {
						"method": "PUT",
						"header": [
							{
								"warning": "This is a duplicate header and will be overridden by the Content-Type header generated by Postman.",
								"key": "Content-Type",
								"type": "text",
								"value": "application/x-www-form-urlencoded"
							}
						],
						"body": {
							"mode": "urlencoded",
							"urlencoded": [
								{
									"key": "address",
									"value": "<p>Odshøjvej 1G<br /><br />8800 Viborg</p>",
									"type": "text"
								},
								{
									"key": "openhours",
									"value": "<p>Mandag - L&oslash;rdag: 08:00 - 18:0<br /><br />S&oslash;ndag: LUKKET</p>",
									"type": "text"
								},
								{
									"key": "contactinformation",
									"value": "<p>Email: info@viborghaveservice.org<br /><br />Telefon: +45 12 34 56 78</p>",
									"type": "text"
								}
							],
							"options": {
								"raw": {
									"language": "json"
								}
							}
						},
						"url": {
							"raw": "http://localhost:5023/contact/admin",
							"protocol": "http",
							"host": [
								"localhost"
							],
							"port": "5023",
							"path": [
								"contact",
								"admin"
							]
						}
					},
					"response": []
				}
			],
			"protocolProfileBehavior": {}
		},
		{
			"name": "Reviews",
			"item": [
				{
					"name": "GET alle reviews",
					"request": {
						"method": "GET",
						"header": [],
						"url": {
							"raw": "http://localhost:5023/reviews",
							"protocol": "http",
							"host": [
								"localhost"
							],
							"port": "5023",
							"path": [
								"reviews"
							]
						}
					},
					"response": []
				},
				{
					"name": "GET review ud fra ID",
					"request": {
						"method": "GET",
						"header": [],
						"url": {
							"raw": "http://localhost:5023/reviews/5f58f83089fef55ec40aa587",
							"protocol": "http",
							"host": [
								"localhost"
							],
							"port": "5023",
							"path": [
								"reviews",
								"5f58f83089fef55ec40aa587"
							]
						}
					},
					"response": []
				},
				{
					"name": "POST opret review ",
					"request": {
						"method": "POST",
						"header": [
							{
								"key": "Content-Type",
								"value": "application/x-www-form-urlencoded",
								"type": "text"
							}
						],
						"body": {
							"mode": "formdata",
							"formdata": [],
							"options": {
								"raw": {
									"language": "json"
								}
							}
						},
						"url": {
							"raw": "http://localhost:5023/reviews/admin/",
							"protocol": "http",
							"host": [
								"localhost"
							],
							"port": "5023",
							"path": [
								"reviews",
								"admin",
								""
							]
						}
					},
					"response": []
				},
				{
					"name": "PUT ret review ud fra ID",
					"request": {
						"method": "PUT",
						"header": [
							{
								"key": "Content-Type",
								"value": "application/x-www-form-urlencoded",
								"type": "text"
							}
						],
						"body": {
							"mode": "formdata",
							"formdata": [],
							"options": {
								"raw": {
									"language": "json"
								}
							}
						},
						"url": {
							"raw": "http://localhost:5023/reviews/admin/5f5e30cba1d6372034239220",
							"protocol": "http",
							"host": [
								"localhost"
							],
							"port": "5023",
							"path": [
								"reviews",
								"admin",
								"5f5e30cba1d6372034239220"
							]
						}
					},
					"response": []
				},
				{
					"name": "DELETE slet review ud fra ID",
					"request": {
						"method": "DELETE",
						"header": [],
						"url": {
							"raw": "http://localhost:5023/reviews/admin/5f58f7d3af6bf45f70b2b780",
							"protocol": "http",
							"host": [
								"localhost"
							],
							"port": "5023",
							"path": [
								"reviews",
								"admin",
								"5f58f7d3af6bf45f70b2b780"
							]
						}
					},
					"response": []
				}
			],
			"protocolProfileBehavior": {}
		},
		{
			"name": "Users",
			"item": [
				{
					"name": "GET alle users",
					"request": {
						"method": "GET",
						"header": [],
						"url": {
							"raw": "http://localhost:5023/users",
							"protocol": "http",
							"host": [
								"localhost"
							],
							"port": "5023",
							"path": [
								"users"
							]
						}
					},
					"response": []
				},
				{
					"name": "GET user ud fra ID",
					"request": {
						"method": "GET",
						"header": [],
						"url": {
							"raw": "http://localhost:5023/users/5f5930c1413bbb35c8e73d89",
							"protocol": "http",
							"host": [
								"localhost"
							],
							"port": "5023",
							"path": [
								"users",
								"5f5930c1413bbb35c8e73d89"
							]
						}
					},
					"response": []
				},
				{
					"name": "POST opret user",
					"request": {
						"method": "POST",
						"header": [
							{
								"key": "Content-Type",
								"value": "application/x-www-form-urlencoded",
								"type": "text"
							}
						],
						"body": {
							"mode": "raw",
							"raw": "",
							"options": {
								"raw": {
									"language": "json"
								}
							}
						},
						"url": {
							"raw": "http://localhost:5023/users/admin/",
							"protocol": "http",
							"host": [
								"localhost"
							],
							"port": "5023",
							"path": [
								"users",
								"admin",
								""
							]
						}
					},
					"response": []
				},
				{
					"name": "PUT ret user ud fra ID",
					"request": {
						"method": "PUT",
						"header": [
							{
								"key": "Content-Type",
								"value": "application/x-www-form-urlencoded",
								"type": "text"
							}
						],
						"body": {
							"mode": "raw",
							"raw": "",
							"options": {
								"raw": {
									"language": "json"
								}
							}
						},
						"url": {
							"raw": "http://localhost:5023/users/admin/5f5930c1413bbb35c8e73d89",
							"protocol": "http",
							"host": [
								"localhost"
							],
							"port": "5023",
							"path": [
								"users",
								"admin",
								"5f5930c1413bbb35c8e73d89"
							]
						}
					},
					"response": []
				},
				{
					"name": "DELETE slet user ud fra ID",
					"request": {
						"method": "DELETE",
						"header": [],
						"url": {
							"raw": "http://localhost:5023/users/admin/5f5e3675a1d6372034239224",
							"protocol": "http",
							"host": [
								"localhost"
							],
							"port": "5023",
							"path": [
								"users",
								"admin",
								"5f5e3675a1d6372034239224"
							]
						}
					},
					"response": []
				}
			],
			"protocolProfileBehavior": {}
		},
		{
			"name": "Toast",
			"item": [
				{
					"name": "GET toast",
					"request": {
						"method": "GET",
						"header": [],
						"url": {
							"raw": "http://localhost:5023/toast",
							"protocol": "http",
							"host": [
								"localhost"
							],
							"port": "5023",
							"path": [
								"toast"
							]
						}
					},
					"response": []
				},
				{
					"name": "PUT ret toast",
					"request": {
						"method": "PUT",
						"header": [
							{
								"warning": "This is a duplicate header and will be overridden by the Content-Type header generated by Postman.",
								"key": "Content-Type",
								"type": "text",
								"value": "application/x-www-form-urlencoded"
							}
						],
						"body": {
							"mode": "urlencoded",
							"urlencoded": [
								{
									"key": "title",
									"value": "KVALITET OG SERVICE",
									"type": "text"
								},
								{
									"key": "content",
									"value": "Hos Viborg Haveservice bliver kvalitet og service sat i højsædet. Vi sætter stor ære og pris på at tilbyde professionel haveservice til både private og erhverv.",
									"type": "text"
								}
							],
							"options": {
								"raw": {
									"language": "json"
								}
							}
						},
						"url": {
							"raw": "http://localhost:5023/toast/admin/",
							"protocol": "http",
							"host": [
								"localhost"
							],
							"port": "5023",
							"path": [
								"toast",
								"admin",
								""
							]
						}
					},
					"response": []
				}
			],
			"protocolProfileBehavior": {}
		},
		{
			"name": "Services",
			"item": [
				{
					"name": "GET alle services m image",
					"protocolProfileBehavior": {
						"disableBodyPruning": true
					},
					"request": {
						"method": "GET",
						"header": [],
						"body": {
							"mode": "formdata",
							"formdata": []
						},
						"url": {
							"raw": "http://localhost:5023/services",
							"protocol": "http",
							"host": [
								"localhost"
							],
							"port": "5023",
							"path": [
								"services"
							]
						}
					},
					"response": []
				},
				{
					"name": "GET alle services m image ?limit",
					"protocolProfileBehavior": {
						"disableBodyPruning": true
					},
					"request": {
						"method": "GET",
						"header": [],
						"body": {
							"mode": "formdata",
							"formdata": []
						},
						"url": {
							"raw": "http://localhost:5023/services?limit=2",
							"protocol": "http",
							"host": [
								"localhost"
							],
							"port": "5023",
							"path": [
								"services"
							],
							"query": [
								{
									"key": "limit",
									"value": "2"
								}
							]
						}
					},
					"response": []
				},
				{
					"name": "GET services m image ud fra ID",
					"protocolProfileBehavior": {
						"disableBodyPruning": true
					},
					"request": {
						"method": "GET",
						"header": [],
						"body": {
							"mode": "formdata",
							"formdata": []
						},
						"url": {
							"raw": "http://localhost:5023/services/5f5e140f40bce414c8708182",
							"protocol": "http",
							"host": [
								"localhost"
							],
							"port": "5023",
							"path": [
								"services",
								"5f5e140f40bce414c8708182"
							]
						}
					},
					"response": []
				},
				{
					"name": "POST opret service m image",
					"request": {
						"method": "POST",
						"header": [
							{
								"key": "Content-Type",
								"value": "multipart/form-data",
								"type": "text"
							}
						],
						"body": {
							"mode": "formdata",
							"formdata": [
								{
									"key": "title",
									"value": "Her er en ny service",
									"type": "text"
								},
								{
									"key": "content",
									"value": "Her er en beskrivelse af den nye service",
									"type": "text"
								},
								{
									"key": "image",
									"description": "Vælg kun 1 image",
									"type": "file",
									"src": "/C:/Marianne/Grafik/cartoons/5cRAgg7ca.png"
								}
							]
						},
						"url": {
							"raw": "http://localhost:5023/services/admin",
							"protocol": "http",
							"host": [
								"localhost"
							],
							"port": "5023",
							"path": [
								"services",
								"admin"
							]
						}
					},
					"response": []
				},
				{
					"name": "PUT Services m image",
					"request": {
						"method": "PUT",
						"header": [
							{
								"warning": "This is a duplicate header and will be overridden by the Content-Type header generated by Postman.",
								"key": "Content-Type",
								"value": "multipart/form-data",
								"type": "text"
							}
						],
						"body": {
							"mode": "formdata",
							"formdata": [
								{
									"key": "image",
									"type": "file",
									"src": "/C:/Marianne/Eksamensprojekter/Webudvikler - hovedforløb/Viborg Haveservice/Viborg Haveservice/Elevudlevering/Billedmateriale/ydelser/ydelser-4.jpg"
								},
								{
									"key": "title",
									"value": "Forår og efterårsrengøring?",
									"type": "text"
								},
								{
									"key": "content",
									"value": "Vi gør haven klar til sommerbrug, og fjerner løvfald for dig om efteråret.",
									"type": "text"
								}
							]
						},
						"url": {
							"raw": "http://localhost:5023/services/admin/5f5e6af7a444b65850a0e313",
							"protocol": "http",
							"host": [
								"localhost"
							],
							"port": "5023",
							"path": [
								"services",
								"admin",
								"5f5e6af7a444b65850a0e313"
							]
						}
					},
					"response": []
				},
				{
					"name": "DELETE slet services ud fra ID",
					"request": {
						"method": "DELETE",
						"header": [],
						"body": {
							"mode": "formdata",
							"formdata": []
						},
						"url": {
							"raw": "http://localhost:5023/services/admin/5f5e6be5a444b65850a0e314",
							"protocol": "http",
							"host": [
								"localhost"
							],
							"port": "5023",
							"path": [
								"services",
								"admin",
								"5f5e6be5a444b65850a0e314"
							]
						}
					},
					"response": []
				}
			],
			"protocolProfileBehavior": {}
		},
		{
			"name": "Login-logout",
			"item": [
				{
					"name": "login POST - LOGIN til admin",
					"request": {
						"method": "POST",
						"header": [
							{
								"warning": "This is a duplicate header and will be overridden by the Content-Type header generated by Postman.",
								"key": "Content-Type",
								"value": "application/x-www-form-urlencoded",
								"type": "text"
							}
						],
						"body": {
							"mode": "urlencoded",
							"urlencoded": [
								{
									"key": "email",
									"value": "admin@vh.dk",
									"type": "text"
								},
								{
									"key": "password",
									"value": "admin123",
									"type": "text"
								}
							],
							"options": {
								"raw": {
									"language": "json"
								}
							}
						},
						"url": {
							"raw": "http://localhost:5023/login/login",
							"protocol": "http",
							"host": [
								"localhost"
							],
							"port": "5023",
							"path": [
								"login",
								"login"
							]
						}
					},
					"response": []
				},
				{
					"name": "login GET - LOGOUT",
					"protocolProfileBehavior": {
						"disableBodyPruning": true
					},
					"request": {
						"method": "GET",
						"header": [],
						"body": {
							"mode": "raw",
							"raw": ""
						},
						"url": {
							"raw": "http://localhost:5023/login/logout",
							"protocol": "http",
							"host": [
								"localhost"
							],
							"port": "5023",
							"path": [
								"login",
								"logout"
							]
						}
					},
					"response": []
				},
				{
					"name": "login GET - loggedin",
					"request": {
						"method": "GET",
						"header": [],
						"url": {
							"raw": "http://localhost:5023/login/loggedin",
							"protocol": "http",
							"host": [
								"localhost"
							],
							"port": "5023",
							"path": [
								"login",
								"loggedin"
							]
						}
					},
					"response": []
				}
			],
			"protocolProfileBehavior": {}
		},
		{
			"name": "GalleryItems",
			"item": [
				{
					"name": "GET alle galleryitems",
					"request": {
						"method": "GET",
						"header": [],
						"url": {
							"raw": "http://localhost:5023/galleryitems",
							"protocol": "http",
							"host": [
								"localhost"
							],
							"port": "5023",
							"path": [
								"galleryitems"
							]
						}
					},
					"response": []
				},
				{
					"name": "POST opret galleryitem",
					"request": {
						"method": "POST",
						"header": [
							{
								"key": "Content-Type",
								"type": "text",
								"value": "multipart/form-data"
							}
						],
						"body": {
							"mode": "formdata",
							"formdata": [
								{
									"key": "service",
									"value": "5f5e6af7a444b65850a0e313",
									"description": "ID på en eksisterende service",
									"type": "text"
								},
								{
									"key": "image",
									"description": "Vælg kun 1 image",
									"type": "file",
									"src": "/C:/Marianne/Eksamensprojekter/Webudvikler - hovedforløb/Viborg Haveservice/Viborg Haveservice/Elevudlevering/Billedmateriale/galleribilleder/11-small.jpg"
								}
							]
						},
						"url": {
							"raw": "http://localhost:5023/galleryitems/admin",
							"protocol": "http",
							"host": [
								"localhost"
							],
							"port": "5023",
							"path": [
								"galleryitems",
								"admin"
							]
						}
					},
					"response": []
				}
			],
			"protocolProfileBehavior": {}
		}
	],
	"protocolProfileBehavior": {}
}