[{
  "_id": {
    "$oid": "5f58f3fa5e68af71c0bc800e"
  },
  "title": "Velkommen til Viborg Haveservice",
  "content": "Hos Viborg Haveservice er vi en virksomhed, som varetager en bred skare af forskellige arbejdsopgaver inden for havearbejde og kan blandt andet hjælpe til med: Hækklipning, græsslåning, træfældning, belægning. Kort og godt er vi de rette at kontakte ved en enhver type af opgave inden for haveservice, og med mange års erfaring i faget, kan du trygt lade dit valg falde på netop os.",
  "__v": 0
}]