[{
  "_id": {
    "$oid": "5f5e7301844452515c6f576a"
  },
  "service": {
    "$oid": "5f5e140f40bce414c8708182"
  },
  "image": "1600025345335-01-small.jpg",
  "__v": 0
},{
  "_id": {
    "$oid": "5f5e7310844452515c6f576b"
  },
  "service": {
    "$oid": "5f5e140f40bce414c8708182"
  },
  "image": "1600025360424-05-small.jpg",
  "__v": 0
},{
  "_id": {
    "$oid": "5f5e731e844452515c6f576c"
  },
  "service": {
    "$oid": "5f5e140f40bce414c8708182"
  },
  "image": "1600025374884-09-small.jpg",
  "__v": 0
},{
  "_id": {
    "$oid": "5f5e7338844452515c6f576d"
  },
  "service": {
    "$oid": "5f5e328aa1d6372034239221"
  },
  "image": "1600025400610-02-small.jpg",
  "__v": 0
},{
  "_id": {
    "$oid": "5f5e7346844452515c6f576e"
  },
  "service": {
    "$oid": "5f5e328aa1d6372034239221"
  },
  "image": "1600025414802-06-small.jpg",
  "__v": 0
},{
  "_id": {
    "$oid": "5f5e7353844452515c6f576f"
  },
  "service": {
    "$oid": "5f5e328aa1d6372034239221"
  },
  "image": "1600025427826-10-small.jpg",
  "__v": 0
},{
  "_id": {
    "$oid": "5f5e7374844452515c6f5770"
  },
  "service": {
    "$oid": "5f5e670c3d4c7a3d6c074b97"
  },
  "image": "1600025460307-03-small.jpg",
  "__v": 0
},{
  "_id": {
    "$oid": "5f5e737e844452515c6f5771"
  },
  "service": {
    "$oid": "5f5e670c3d4c7a3d6c074b97"
  },
  "image": "1600025470799-07-small.jpg",
  "__v": 0
},{
  "_id": {
    "$oid": "5f5e738e844452515c6f5772"
  },
  "service": {
    "$oid": "5f5e670c3d4c7a3d6c074b97"
  },
  "image": "1600025486545-11-small.jpg",
  "__v": 0
},{
  "_id": {
    "$oid": "5f5e739f844452515c6f5773"
  },
  "service": {
    "$oid": "5f5e6af7a444b65850a0e313"
  },
  "image": "1600025503563-04-small.jpg",
  "__v": 0
},{
  "_id": {
    "$oid": "5f5e73bd844452515c6f5774"
  },
  "service": {
    "$oid": "5f5e6af7a444b65850a0e313"
  },
  "image": "1600025533333-08-small.jpg",
  "__v": 0
},{
  "_id": {
    "$oid": "5f5e73d4844452515c6f5775"
  },
  "service": {
    "$oid": "5f5e6af7a444b65850a0e313"
  },
  "image": "1600025556308-12-small.jpg",
  "__v": 0
},{
  "_id": {
    "$oid": "5f5e7fa904ea354d48d9c030"
  },
  "service": {
    "$oid": "5f5e6af7a444b65850a0e313"
  },
  "image": "1600028585942-11-small.jpg",
  "__v": 0
}]